{
  "range": {
    "from": "2025-07-01",
    "to": "2025-07-01"
  },
  "activity": {
    "activity_id": 1001,
    "title": "Paddleboard"
  },
  "registrations": [
    {
      "booking_id": 555001,
      "bnr": "191754321",
      "participant": {
        "id": 1,
        "display_name": "Adam N.",
        "type": "Adult",
        "age": 45
      }
    },
    {
      "booking_id": 555010,
      "bnr": "191754321",
      "participant": {
        "id": 3,
        "display_name": "Petr S.",
        "type": "Adult",
        "age": 35
      }
    }
  ]
}