{
  "BNR": "191754321",
  "holder_email": "jan.novak@example.com",
  "hotel": {
    "hotel_id": "HER90079",
    "name": "Hotel Aurora",
    "provider_id": 13
  },
  "stay": {
    "from": "2025-07-01",
    "to": "2025-07-08"
  },
  "travelers": [
    {
      "id": 1,
      "type": "Adult",
      "display_name": "Adam N.",
      "age": 45
    },
    {
      "id": 3,
      "type": "Adult",
      "display_name": "Petr S.",
      "age": 35
    },
    {
      "id": 5,
      "type": "Child",
      "display_name": "Eva N.",
      "age": 9
    }
  ]
}