{
  "bnr": "191754321",
  "hotel": {
    "hotel_id": "HER90079",
    "name": "Hotel Aurora"
  },
  "activities": [
    {
      "event_id": 1987,
      "title": "Paddleboard",
      "start_at": "2025-07-01T10:00:00",
      "end_at": "2025-07-01T12:00:00",
      "location": {
        "label": "Bar na pláži"
      },
      "bookings": [
        {
          "booking_id": 555001,
          "participant": {
            "id": 1,
            "type": "Adult",
            "display_name": "Adam N.",
            "age": 45
          }
        },
        {
          "booking_id": 555010,
          "participant": {
            "id": 3,
            "type": "Adult",
            "display_name": "Petr S.",
            "age": 35
          }
        }
      ]
    }
  ]
}