{
  "range": {
    "date_from": "2025-07-01",
    "date_to": "2025-07-08"
  },
  "hotel": {
    "hotel_id": "HER90079",
    "name": "Hotel Aurora",
    "provider_id": 13
  },
  "activities": [
    {
      "activity_id": 1001,
      "title": "Paddleboard",
      "short_description": "Lekce na moři",
      "long_description": "Instruktor, vybavení v ceně. Sraz 15 min před začátkem u baru na pláži.",
      "category": "Sport",
      "images": [
        {
          "url": "assets/paddle.jpg"
        }
      ],
      "location": {
        "label": "Bar na pláži"
      },
      "events": [
        {
          "event_id": 1987,
          "start_at": "2025-07-01T10:00:00",
          "end_at": "2025-07-01T12:00:00",
          "capacity": {
            "max": 30,
            "confirmed": 24,
            "available": 6
          },
          "age_profile": {
            "min": 15,
            "max": 99
          }
        },
        {
          "event_id": 1991,
          "start_at": "2025-07-02T10:00:00",
          "end_at": "2025-07-02T12:00:00",
          "capacity": {
            "max": 30,
            "confirmed": 12,
            "available": 18
          },
          "age_profile": {
            "min": 15,
            "max": 99
          }
        }
      ]
    },
    {
      "activity_id": 1002,
      "title": "Kids Club",
      "short_description": "Hry a tvoření",
      "long_description": "Program pro děti s animátory v dětském klubu.",
      "category": "Kids",
      "images": [
        {
          "url": "assets/kids.jpg"
        }
      ],
      "location": {
        "label": "Kids Club u bazénu"
      },
      "events": [
        {
          "event_id": 2050,
          "start_at": "2025-07-01T09:00:00",
          "end_at": "2025-07-01T11:00:00",
          "capacity": {
            "max": 20,
            "confirmed": 18,
            "available": 2
          },
          "age_profile": {
            "min": 4,
            "max": 12
          }
        }
      ]
    },
    {
      "activity_id": 1003,
      "title": "Sunset Yoga",
      "short_description": "Jemná večerní jóga",
      "long_description": "Vhodné i pro začátečníky. Karimatky k zapůjčení.",
      "category": "Relax",
      "images": [
        {
          "url": "assets/yoga.jpg"
        }
      ],
      "location": {
        "label": "Terasa nad mořem"
      },
      "events": [
        {
          "event_id": 2100,
          "start_at": "2025-07-01T19:00:00",
          "end_at": "2025-07-01T20:00:00",
          "capacity": {
            "max": 25,
            "confirmed": 7,
            "available": 18
          },
          "age_profile": {
            "min": 12,
            "max": 99
          }
        }
      ]
    }
  ]
}